strategy_id,strategy_name,experiment_name,variant,changed_component,status,gender_accuracy,gender_precision,gender_recall,gender_f1,age_mae,age_rmse,age_r2,samples,trainable_parameters,training_seconds,checkpoint,message,age_mae_0_12,age_mae_13_19,age_mae_20_39,age_mae_40_59,age_mae_60_plus,age_support_0_12,age_support_13_19,age_support_20_39,age_support_40_59,age_support_60_plus,test_samples,train_samples,validation_samples
E1,Baseline clasico,classical_base,base,ninguno,COMPLETADO,0.8439696373348328,0.8440940976142883,0.8439697027206421,0.8440126180648804,11.597179412841797,14.963844299316406,0.41154229640960693,3557,,14.256540123955347,,,15.690340995788574,13.574286460876465,7.98483419418335,9.97208309173584,25.21141242980957,509,197,1827,644,380,3557,16593,3555
E1,Baseline clasico,classical_pca_50,ablacion,PCA=50 componentes,COMPLETADO,0.8206353668822041,0.8205606937408447,0.8206353187561035,0.8205813765525818,12.160658836364746,15.576395988464355,0.36237865686416626,3557,,10.819120464031585,,,16.78801727294922,14.038825988769531,8.189558982849121,10.492770195007324,26.90802764892578,509,197,1827,644,380,3557,16593,3555
E1,Baseline clasico,classical_pca_200,ablacion,PCA=200 componentes,COMPLETADO,0.8560584762440259,0.8560193181037903,0.8560584783554077,0.856032133102417,11.00471019744873,14.34476375579834,0.45922619104385376,3557,,20.68265754391905,,,14.725369453430176,12.710874557495117,7.76693868637085,9.273048400878906,23.6380558013916,509,197,1827,644,380,3557,16593,3555
