strategy_id,strategy_name,experiment_name,variant,changed_component,status,gender_accuracy,gender_precision,gender_recall,gender_f1,age_mae,age_rmse,age_r2,samples,trainable_parameters,training_seconds,checkpoint,message,age_mae_0_12,age_mae_13_19,age_mae_20_39,age_mae_40_59,age_mae_60_plus,age_support_0_12,age_support_13_19,age_support_20_39,age_support_40_59,age_support_60_plus,test_samples,train_samples,validation_samples
E2,MLP multitarea,mlp_base,base,ninguno,COMPLETADO,0.855496204666854,0.8562042713165283,0.8554962277412415,0.8556067943572998,12.131990432739258,17.223773956298828,0.22037535905838013,3557,38568707,472.79959901596885,/home/alumnos/pregrado/carlos.pena/Lab03-DL-2026-01/artifacts/checkpoints/mlp_base/best_model.pt,,6.876391887664795,8.697931289672852,7.8638458251953125,15.617008209228516,35.56662368774414,509,197,1827,644,380,3557,16593,3555
E2,MLP multitarea,mlp_no_dropout,ablacion,dropout=0.0,COMPLETADO,0.8563396120326118,0.8567910194396973,0.8563396334648132,0.856023907661438,11.373879432678223,16.026966094970703,0.3249569535255432,3557,38568707,478.9916374940658,/home/alumnos/pregrado/carlos.pena/Lab03-DL-2026-01/artifacts/checkpoints/mlp_no_dropout/best_model.pt,,7.867144584655762,9.301618576049805,7.726498126983643,14.070306777954102,30.111846923828125,509,197,1827,644,380,3557,16593,3555
E2,MLP multitarea,mlp_lambda_low,ablacion,lambda_age=0.001,COMPLETADO,0.843407365757661,0.8517946004867554,0.843407392501831,0.8433071374893188,17.07158088684082,23.63796615600586,-0.46841585636138916,3557,38568707,488.36589470598847,/home/alumnos/pregrado/carlos.pena/Lab03-DL-2026-01/artifacts/checkpoints/mlp_lambda_low/best_model.pt,,8.369915008544922,8.088464736938477,11.094307899475098,23.43239974975586,51.342472076416016,509,197,1827,644,380,3557,16593,3555
E2,MLP multitarea,mlp_lambda_high,ablacion,lambda_age=0.1,COMPLETADO,0.8318807984256396,0.8493112921714783,0.8318808078765869,0.8311049938201904,10.436638832092285,14.817864418029785,0.42296773195266724,3557,38568707,480.88230077095795,/home/alumnos/pregrado/carlos.pena/Lab03-DL-2026-01/artifacts/checkpoints/mlp_lambda_high/best_model.pt,,6.491498947143555,7.9296417236328125,7.1337151527404785,13.277308464050293,28.086654663085938,509,197,1827,644,380,3557,16593,3555
