strategy_id,strategy_name,experiment_name,variant,changed_component,status,gender_accuracy,gender_precision,gender_recall,gender_f1,age_mae,age_rmse,age_r2,samples,trainable_parameters,training_seconds,checkpoint,message,age_mae_0_12,age_mae_13_19,age_mae_20_39,age_mae_40_59,age_mae_60_plus,age_support_0_12,age_support_13_19,age_support_20_39,age_support_40_59,age_support_60_plus,test_samples,train_samples,validation_samples
E4,ResNet18 congelada,resnet_frozen_base,base,ninguno,COMPLETADO,0.8372223784087715,0.8371534943580627,0.8372223973274231,0.8371065855026245,10.56383991241455,14.047907829284668,0.4813764691352844,3557,1539,493.79067919193767,/home/alumnos/pregrado/carlos.pena/Lab03-DL-2026-01/artifacts/checkpoints/resnet_frozen_base/best_model.pt,,11.437654495239258,10.204014778137207,6.959896564483643,10.582558631896973,26.87558364868164,509,197,1827,644,380,3557,16593,3555
E4,ResNet18 congelada,resnet_frozen_no_augmentation,ablacion,sin aumentacion,COMPLETADO,0.831037391059882,0.8313195109367371,0.8310374021530151,0.8306769132614136,10.562722206115723,14.080878257751465,0.4789392352104187,3557,1539,296.6572689389577,/home/alumnos/pregrado/carlos.pena/Lab03-DL-2026-01/artifacts/checkpoints/resnet_frozen_no_augmentation/best_model.pt,,11.376895904541016,10.112717628479004,6.93629264831543,10.580889701843262,27.110132217407227,509,197,1827,644,380,3557,16593,3555
E4,ResNet18 congelada,resnet_frozen_lambda_low,ablacion,lambda_age=0.001,COMPLETADO,0.8372223784087715,0.8371534943580627,0.8372223973274231,0.8371065855026245,11.179252624511719,15.003072738647461,0.40845292806625366,3557,1539,487.80684060708154,/home/alumnos/pregrado/carlos.pena/Lab03-DL-2026-01/artifacts/checkpoints/resnet_frozen_lambda_low/best_model.pt,,13.703474044799805,10.094880104064941,6.235270977020264,11.754813194274902,31.155004501342773,509,197,1827,644,380,3557,16593,3555
E4,ResNet18 congelada,resnet_frozen_lambda_high,ablacion,lambda_age=0.1,COMPLETADO,0.8372223784087715,0.8371534943580627,0.8372223973274231,0.8371065855026245,10.51198673248291,13.955469131469727,0.48817938566207886,3557,1539,499.2958919070661,/home/alumnos/pregrado/carlos.pena/Lab03-DL-2026-01/artifacts/checkpoints/resnet_frozen_lambda_high/best_model.pt,,11.23697566986084,10.219610214233398,7.062798023223877,10.503019332885742,26.29099464416504,509,197,1827,644,380,3557,16593,3555
